{
    "Ag": {
        "standard deviation": 2.464375045523055,
        "number of pairs": 1
    },
    "As": {
        "standard deviation": 5.099286164262956,
        "number of pairs": 27
    },
    "Au": {
        "standard deviation": 0.8049614667566162,
        "number of pairs": 27
    },
    "Ba": {
        "standard deviation": 18.624785025050826,
        "number of pairs": 27
    },
    "Bi": {
        "standard deviation": 0.502047736902401,
        "number of pairs": 1
    },
    "Ca": {
        "standard deviation": 1393.847393118414,
        "number of pairs": 27
    },
    "Cd": {
        "standard deviation": null,
        "number of pairs": 0
    },
    "Ce": {
        "standard deviation": 6.201085845484925,
        "number of pairs": 27
    },
    "Cl": {
        "standard deviation": 124.14970055601482,
        "number of pairs": 27
    },
    "Co": {
        "standard deviation": 10.702791024772656,
        "number of pairs": 4
    },
    "Cr": {
        "standard deviation": 1.6478136867831914,
        "number of pairs": 1
    },
    "Cu": {
        "standard deviation": 7.00871664875283,
        "number of pairs": 27
    },
    "Fe": {
        "standard deviation": 2100.940718645573,
        "number of pairs": 27
    },
    "Hg": {
        "standard deviation": 1.3362468168551629,
        "number of pairs": 27
    },
    "K": {
        "standard deviation": 988.5064560646998,
        "number of pairs": 23
    },
    "La": {
        "standard deviation": 11.26595274746104,
        "number of pairs": 25
    },
    "Mn": {
        "standard deviation": 122.34879937426669,
        "number of pairs": 27
    },
    "Mo": {
        "standard deviation": 0.9366502155000648,
        "number of pairs": 9
    },
    "Nb": {
        "standard deviation": 4.374187385676754,
        "number of pairs": 27
    },
    "Nd": {
        "standard deviation": 3.710210080015541,
        "number of pairs": 27
    },
    "Ni": {
        "standard deviation": 14.564214828843618,
        "number of pairs": 26
    },
    "P": {
        "standard deviation": 235.62214388974203,
        "number of pairs": 24
    },
    "Pb": {
        "standard deviation": 14.453791478509027,
        "number of pairs": 27
    },
    "Pd": {
        "standard deviation": 0.9262629016445402,
        "number of pairs": 27
    },
    "Pr": {
        "standard deviation": 1.313153310978107,
        "number of pairs": 27
    },
    "Pt": {
        "standard deviation": 1.522789837400056,
        "number of pairs": 27
    },
    "Rb": {
        "standard deviation": 2.185939997428084,
        "number of pairs": 27
    },
    "Rh": {
        "standard deviation": 0.3983763342666124,
        "number of pairs": 27
    },
    "S": {
        "standard deviation": 290.0009731610426,
        "number of pairs": 5
    },
    "Sb": {
        "standard deviation": 1.1339805055912073,
        "number of pairs": 14
    },
    "Se": {
        "standard deviation": null,
        "number of pairs": 0
    },
    "Sm": {
        "standard deviation": 10.566083768986074,
        "number of pairs": 27
    },
    "Sn": {
        "standard deviation": null,
        "number of pairs": 0
    },
    "Sr": {
        "standard deviation": 29.88034847381531,
        "number of pairs": 27
    },
    "Ti": {
        "standard deviation": 424.77117845691765,
        "number of pairs": 26
    },
    "U": {
        "standard deviation": 1.9478227793805785,
        "number of pairs": 15
    },
    "V": {
        "standard deviation": 8.14611408282353,
        "number of pairs": 26
    },
    "Y": {
        "standard deviation": 2.873976736233003,
        "number of pairs": 25
    },
    "Zn": {
        "standard deviation": 21.07503572251728,
        "number of pairs": 26
    },
    "Zr": {
        "standard deviation": 846.4533863698472,
        "number of pairs": 22
    }
}