{
    "Ag": {
        "standard deviation": 8.527049792709997,
        "number of pairs": 1
    },
    "As": {
        "standard deviation": 19.080145450870614,
        "number of pairs": 27
    },
    "Au": {
        "standard deviation": 2.2586459398235665,
        "number of pairs": 27
    },
    "Ba": {
        "standard deviation": 334.64695802112817,
        "number of pairs": 27
    },
    "Bi": {
        "standard deviation": 22.160652181596777,
        "number of pairs": 1
    },
    "Ca": {
        "standard deviation": 16126.321391778296,
        "number of pairs": 27
    },
    "Cd": {
        "standard deviation": null,
        "number of pairs": 0
    },
    "Ce": {
        "standard deviation": 56.23725606189323,
        "number of pairs": 27
    },
    "Cl": {
        "standard deviation": 931.9066774927388,
        "number of pairs": 27
    },
    "Co": {
        "standard deviation": 55.53685657474632,
        "number of pairs": 4
    },
    "Cr": {
        "standard deviation": 46.41733834252011,
        "number of pairs": 1
    },
    "Cu": {
        "standard deviation": 56.89299798058908,
        "number of pairs": 27
    },
    "Fe": {
        "standard deviation": 35129.61418704118,
        "number of pairs": 27
    },
    "Hg": {
        "standard deviation": 10.108650494245747,
        "number of pairs": 27
    },
    "K": {
        "standard deviation": 6499.759053693143,
        "number of pairs": 23
    },
    "La": {
        "standard deviation": 50.35365073666908,
        "number of pairs": 26
    },
    "Mn": {
        "standard deviation": 2105.970517999979,
        "number of pairs": 27
    },
    "Mo": {
        "standard deviation": 5.2462942640165915,
        "number of pairs": 9
    },
    "Nb": {
        "standard deviation": 56.782059556935074,
        "number of pairs": 27
    },
    "Nd": {
        "standard deviation": 15.266613079761893,
        "number of pairs": 27
    },
    "Ni": {
        "standard deviation": 113.89327830831287,
        "number of pairs": 26
    },
    "P": {
        "standard deviation": 1340.6915888908934,
        "number of pairs": 25
    },
    "Pb": {
        "standard deviation": 73.69028387287435,
        "number of pairs": 27
    },
    "Pd": {
        "standard deviation": 3.8888968253887266,
        "number of pairs": 27
    },
    "Pr": {
        "standard deviation": 1.6485879322325683,
        "number of pairs": 27
    },
    "Pt": {
        "standard deviation": 8.840144124851594,
        "number of pairs": 27
    },
    "Rb": {
        "standard deviation": 40.589432989827955,
        "number of pairs": 27
    },
    "Rh": {
        "standard deviation": 1.2910661686574596,
        "number of pairs": 27
    },
    "S": {
        "standard deviation": 1751.7885671444456,
        "number of pairs": 7
    },
    "Sb": {
        "standard deviation": 3.06481548066133,
        "number of pairs": 19
    },
    "Se": {
        "standard deviation": null,
        "number of pairs": 0
    },
    "Sm": {
        "standard deviation": 9.361595868748433,
        "number of pairs": 27
    },
    "Sn": {
        "standard deviation": 7.703412886101327,
        "number of pairs": 1
    },
    "Sr": {
        "standard deviation": 706.6087172183869,
        "number of pairs": 27
    },
    "Ti": {
        "standard deviation": 6224.47601370584,
        "number of pairs": 26
    },
    "U": {
        "standard deviation": 8.688231977925915,
        "number of pairs": 19
    },
    "V": {
        "standard deviation": 112.17548864925256,
        "number of pairs": 26
    },
    "Y": {
        "standard deviation": 30.45293653513292,
        "number of pairs": 26
    },
    "Zn": {
        "standard deviation": 124.08106798421593,
        "number of pairs": 26
    },
    "Zr": {
        "standard deviation": 4777.511922444818,
        "number of pairs": 23
    }
}