{
    "Ag": {
        "heterogeneity": -2.464375045523055,
        "relative heterogeneity": -49.90725274889312,
        "number of pairs": 1
    },
    "As": {
        "heterogeneity": -0.3414741272289996,
        "relative heterogeneity": -1.8412312501005148,
        "number of pairs": 12
    },
    "Au": {
        "heterogeneity": 0.19357913498841717,
        "relative heterogeneity": 7.280472230171821,
        "number of pairs": 12
    },
    "Ba": {
        "heterogeneity": 35.15596869331977,
        "relative heterogeneity": 7.908358518056499,
        "number of pairs": 12
    },
    "Bi": {
        "heterogeneity": -0.502047736902401,
        "relative heterogeneity": -19.425410598202262,
        "number of pairs": 1
    },
    "Ca": {
        "heterogeneity": 723.9093222818365,
        "relative heterogeneity": 3.8167969710987304,
        "number of pairs": 12
    },
    "Ce": {
        "heterogeneity": 0.6867623847870075,
        "relative heterogeneity": 0.9058690540356626,
        "number of pairs": 12
    },
    "Cl": {
        "heterogeneity": 213.62072933899557,
        "relative heterogeneity": 17.187354890708942,
        "number of pairs": 12
    },
    "Co": {
        "heterogeneity": -8.293727186970873,
        "relative heterogeneity": -31.847773515362498,
        "number of pairs": 3
    },
    "Cr": {
        "heterogeneity": -1.6478136867831914,
        "relative heterogeneity": -5.10420790330013,
        "number of pairs": 1
    },
    "Cu": {
        "heterogeneity": 0.7946480136476635,
        "relative heterogeneity": 3.3820596217151113,
        "number of pairs": 11
    },
    "Fe": {
        "heterogeneity": 3083.157562623439,
        "relative heterogeneity": 6.358775641114371,
        "number of pairs": 11
    },
    "Hg": {
        "heterogeneity": 0.3203515598850115,
        "relative heterogeneity": -2.7130285882840286,
        "number of pairs": 11
    },
    "K": {
        "heterogeneity": 922.0004856704322,
        "relative heterogeneity": 10.712423423473856,
        "number of pairs": 11
    },
    "La": {
        "heterogeneity": -1.4430525292924443,
        "relative heterogeneity": -2.49996313864897,
        "number of pairs": 11
    },
    "Mn": {
        "heterogeneity": 144.68566090907083,
        "relative heterogeneity": 8.949178758496892,
        "number of pairs": 12
    },
    "Mo": {
        "heterogeneity": 0.7951544686638589,
        "relative heterogeneity": 16.04146699492439,
        "number of pairs": 4
    },
    "Nb": {
        "heterogeneity": 2.3060370912730823,
        "relative heterogeneity": 3.5053892742582873,
        "number of pairs": 11
    },
    "Nd": {
        "heterogeneity": -0.32382725359532305,
        "relative heterogeneity": -1.5259571832704812,
        "number of pairs": 12
    },
    "Ni": {
        "heterogeneity": 9.328932821177155,
        "relative heterogeneity": 6.677823779055267,
        "number of pairs": 11
    },
    "P": {
        "heterogeneity": 82.93525717706748,
        "relative heterogeneity": 4.931551995686345,
        "number of pairs": 11
    },
    "Pb": {
        "heterogeneity": 18.17971077952557,
        "relative heterogeneity": 28.575939934433947,
        "number of pairs": 12
    },
    "Pd": {
        "heterogeneity": 0.6066540840512609,
        "relative heterogeneity": 15.205115141527193,
        "number of pairs": 12
    },
    "Pr": {
        "heterogeneity": -0.5395669939940964,
        "relative heterogeneity": -37.712558702359196,
        "number of pairs": 11
    },
    "Pt": {
        "heterogeneity": 0.10134454743390853,
        "relative heterogeneity": 0.8036084933984085,
        "number of pairs": 12
    },
    "Rb": {
        "heterogeneity": 3.302385942347791,
        "relative heterogeneity": 6.048058512620562,
        "number of pairs": 12
    },
    "Rh": {
        "heterogeneity": 0.12033601376454833,
        "relative heterogeneity": 8.749616882186718,
        "number of pairs": 12
    },
    "S": {
        "heterogeneity": 889.7379128233899,
        "relative heterogeneity": 59.07555112316308,
        "number of pairs": 3
    },
    "Sb": {
        "heterogeneity": 0.35627152976918963,
        "relative heterogeneity": 14.701445016670897,
        "number of pairs": 7
    },
    "Sm": {
        "heterogeneity": -1.038795725543336,
        "relative heterogeneity": 21.004944236158238,
        "number of pairs": 12
    },
    "Sr": {
        "heterogeneity": 63.33262563094059,
        "relative heterogeneity": 8.720213583320703,
        "number of pairs": 12
    },
    "Ti": {
        "heterogeneity": 534.5764023540669,
        "relative heterogeneity": 7.2588275281849475,
        "number of pairs": 12
    },
    "U": {
        "heterogeneity": 0.9061476563170692,
        "relative heterogeneity": 13.528457328478794,
        "number of pairs": 4
    },
    "V": {
        "heterogeneity": 12.4897549101372,
        "relative heterogeneity": 9.012482473078727,
        "number of pairs": 12
    },
    "Y": {
        "heterogeneity": 1.7874229499924392,
        "relative heterogeneity": 4.723896566811562,
        "number of pairs": 11
    },
    "Zn": {
        "heterogeneity": 15.047823949058666,
        "relative heterogeneity": 10.281938904659333,
        "number of pairs": 10
    },
    "Zr": {
        "heterogeneity": 141.2987510626897,
        "relative heterogeneity": 2.891578564798816,
        "number of pairs": 10
    }
}